track_name,artist_names,peak_rank,weeks_on_chart,danceability,energy,loudness,speechiness,instrumentalness,tempo
Shape of You,Ed Sheeran,1,269,0.825,0.652,-3.183,0.0802,0,95.977
Believer,Imagine Dragons,16,268,0.776,0.78,-4.374,0.128,0,124.949
Say You Won't Let Go,James Arthur,7,268,0.358,0.557,-7.398,0.059,0,85.043
Perfect,Ed Sheeran,4,262,0.599,0.448,-6.312,0.0232,0,95.05
goosebumps,Travis Scott,13,226,0.841,0.728,-3.37,0.0484,0,130.049
Jocelyn Flores,XXXTENTACION,7,216,0.872,0.391,-9.144,0.242,4.13E-06,134.021
lovely (with Khalid),"Billie Eilish, Khalid",24,205,0.351,0.296,-10.109,0.0333,0,115.284
Lucid Dreams,Juice WRLD,3,194,0.511,0.566,-7.23,0.2,0,83.903
Bohemian Rhapsody - Remastered 2011,Queen,11,182,0.414,0.404,-9.928,0.0499,0,71.105
Closer,"The Chainsmokers, Halsey",2,179,0.748,0.524,-5.599,0.0338,0,95.01
Sunflower - Spider-Man: Into the Spider-Verse,"Post Malone, Swae Lee",1,179,0.755,0.522,-4.368,0.0575,0,89.96
Something Just Like This,"The Chainsmokers, Coldplay",2,172,0.617,0.635,-6.769,0.0317,1.44E-05,103.019
Shallow,"Lady Gaga, Bradley Cooper",3,171,0.572,0.385,-6.362,0.0308,0,95.799
Someone You Loved,Lewis Capaldi,4,168,0.501,0.405,-5.679,0.0319,0,109.891
Photograph,Ed Sheeran,41,154,0.614,0.379,-10.48,0.0476,0.000464,107.989
All of Me,John Legend,110,145,0.422,0.264,-7.064,0.0322,0,119.93
Dance Monkey,Tones And I,1,140,0.824,0.587,-6.401,0.0937,0.000105,98.029
Se??orita,"Shawn Mendes, Camila Cabello",1,138,0.759,0.548,-6.049,0.029,0,116.967
Circles,Post Malone,1,134,0.695,0.762,-3.497,0.0395,0.00244,120.042
Don't Start Now,Dua Lipa,2,125,0.793,0.793,-4.521,0.083,0,123.95
Watermelon Sugar,Harry Styles,4,123,0.548,0.816,-4.209,0.0465,0,95.39
Before You Go,Lewis Capaldi,19,122,0.459,0.575,-4.858,0.0573,0,111.881
Blinding Lights,The Weeknd,1,121,0.514,0.73,-5.934,0.0598,9.54E-05,171.005
One Dance,"Drake, WizKid, Kyla",12,120,0.792,0.625,-5.609,0.0536,0.0018,103.967
Memories,Maroon 5,2,116,0.775,0.327,-7.241,0.0557,0,91.05
Adore You,Harry Styles,6,104,0.676,0.771,-3.675,0.0483,7.00E-06,99.048
Starboy,"The Weeknd, Daft Punk",1,97,0.679,0.587,-7.015,0.276,6.35E-06,186.003
HUMBLE.,Kendrick Lamar,1,96,0.908,0.621,-6.638,0.102,5.39E-05,150.011
Mr. Brightside,The Killers,98,87,0.352,0.911,-5.23,0.0747,0,148.033
Heather,Conan Gray,12,87,0.357,0.425,-7.301,0.0333,0,102.078
Mood (feat. iann dior),"24kGoldn, iann dior",1,85,0.701,0.716,-3.671,0.0361,0,91.007
One Kiss (with Dua Lipa),"Calvin Harris, Dua Lipa",2,83,0.791,0.862,-3.24,0.11,2.19E-05,123.994
Dynamite,BTS,2,83,0.746,0.765,-4.41,0.0993,0,114.044
Sweater Weather,The Neighbourhood,29,82,0.612,0.807,-2.81,0.0336,0.0177,124.053
Falling,Harry Styles,29,81,0.567,0.267,-6.502,0.0299,1.46E-06,110.011
you broke me first,Tate McRae,13,78,0.667,0.373,-9.389,0.05,0,124.148
Levitating (feat. DaBaby),"Dua Lipa, DaBaby",4,77,0.702,0.825,-3.787,0.0601,0,102.977
Godzilla (feat. Juice WRLD),"Eminem, Juice WRLD",4,76,0.808,0.745,-5.26,0.342,0,165.995
Daddy Issues,The Neighbourhood,99,76,0.588,0.521,-9.461,0.0329,0.149,85.012
Take Me To Church,Hozier,108,75,0.566,0.664,-5.303,0.0464,0,128.945
positions,Ariana Grande,1,74,0.737,0.802,-4.771,0.0878,0,144.015
D??KITI,"Bad Bunny, Jhay Cortez",1,73,0.731,0.573,-10.059,0.0544,5.22E-05,109.928
There's Nothing Holdin' Me Back,Shawn Mendes,5,72,0.866,0.813,-4.063,0.0554,0,121.998
Wake Me Up,Avicii,13,68,0.532,0.783,-5.697,0.0523,0.0012,124.08
Save Your Tears,The Weeknd,2,68,0.68,0.826,-5.487,0.0309,1.24E-05,118.051
Callaita,"Bad Bunny, Tainy",7,67,0.608,0.626,-4.773,0.301,2.16E-06,176.086
Yellow,Coldplay,101,66,0.429,0.661,-7.227,0.0281,0.000121,173.372
"Lose Yourself - From ""8 Mile"" Soundtrack",Eminem,44,66,0.686,0.735,-4.616,0.264,0.00066,171.355
Heat Waves,Glass Animals,1,65,0.761,0.525,-6.9,0.0944,6.70E-06,80.87
LA CANCI??N,"J Balvin, Bad Bunny",17,64,0.754,0.646,-5.795,0.317,1.85E-05,176.089
The Business,Ti??sto,9,64,0.798,0.62,-7.079,0.232,0.0192,120.031
Riptide,Vance Joy,122,64,0.484,0.731,-6.694,0.0379,0,101.654
drivers license,Olivia Rodrigo,1,63,0.561,0.431,-8.81,0.0578,1.42E-05,143.875
Smells Like Teen Spirit,Nirvana,109,63,0.489,0.918,-4.502,0.0554,7.64E-05,116.731
Every Breath You Take,The Police,109,61,0.82,0.452,-9.796,0.0348,0.00294,117.401
Leave The Door Open,"Bruno Mars, Anderson .Paak, Silk Sonic",5,55,0.586,0.616,-7.964,0.0324,0,148.088
The Nights,Avicii,44,54,0.527,0.835,-5.298,0.0433,0,125.983
Counting Stars,OneRepublic,117,54,0.664,0.705,-4.972,0.0382,0,122.016
Astronaut In The Ocean,Masked Wolf,3,53,0.778,0.695,-6.865,0.0913,0,149.996
Peaches (feat. Daniel Caesar & Giveon),"Justin Bieber, Daniel Caesar, Giveon",1,53,0.677,0.696,-6.181,0.119,0,90.03
MONTERO (Call Me By Your Name),Lil Nas X,1,52,0.593,0.503,-6.725,0.22,0,178.781
Arcade,Duncan Laurence,23,52,0.453,0.35,-11.639,0.0425,0.00122,72.017
deja vu,Olivia Rodrigo,3,51,0.442,0.612,-7.222,0.112,5.70E-06,180.917
Talking to the Moon,Bruno Mars,45,50,0.498,0.59,-4.721,0.032,0,145.867
Another Love,Tom Odell,31,50,0.442,0.538,-8.55,0.0451,2.95E-05,122.758
The Hills,The Weeknd,52,50,0.585,0.564,-7.063,0.0515,0,113.003
Kiss Me More (feat. SZA),"Doja Cat, SZA",3,50,0.764,0.705,-3.463,0.0284,8.92E-05,110.97
Love Yourself,Justin Bieber,62,50,0.609,0.378,-9.828,0.438,0,100.418
Friday (feat. Mufasa & Hypeman) - Dopamine Re-Edit,"Riton, Nightcrawlers, Mufasa & Hypeman, Dopamine",15,48,0.824,0.862,-3.424,0.126,0.000132,122.98
Save Your Tears (Remix) (with Ariana Grande) - Bonus Track,"The Weeknd, Ariana Grande",5,48,0.65,0.825,-4.645,0.0325,2.44E-05,118.091
Freaks,Surf Curse,55,47,0.345,0.941,-9.918,0.0466,0.633,179.626
Heartbreak Anniversary,Giveon,8,47,0.449,0.465,-8.964,0.0791,1.02E-06,89.087
Boy With Luv (feat. Halsey),"BTS, Halsey",3,46,0.645,0.862,-4.761,0.0845,0,119.947
good 4 u,Olivia Rodrigo,1,45,0.563,0.664,-5.044,0.154,0,166.928
Streets,Doja Cat,9,45,0.749,0.463,-8.433,0.0842,0.0382,90.035
happier,Olivia Rodrigo,12,44,0.395,0.443,-9.72,0.133,9.67E-06,168.924
Todo De Ti,Rauw Alejandro,2,44,0.78,0.719,-3.613,0.0506,0.000196,127.962
Butter,BTS,2,44,0.759,0.459,-5.187,0.0948,0,109.997
traitor,Olivia Rodrigo,7,44,0.38,0.339,-7.885,0.0338,0,100.607
Yonaguni,Bad Bunny,3,42,0.644,0.648,-4.601,0.118,0,179.951
Call Out My Name,The Weeknd,1,42,0.461,0.593,-4.954,0.0356,0,134.17
Beggin',M??neskin,1,42,0.714,0.8,-4.808,0.0504,0,134.002
The Real Slim Shady,Eminem,51,42,0.949,0.661,-4.244,0.0572,0,104.504
Need to Know,Doja Cat,6,41,0.664,0.609,-6.509,0.0707,0,130.041
RAPSTAR,Polo G,3,40,0.789,0.536,-6.862,0.242,0,81.039
'Till I Collapse,"Eminem, Nate Dogg",81,39,0.548,0.847,-3.237,0.186,0,171.447
You Right,"Doja Cat, The Weeknd",15,39,0.828,0.621,-6.414,0.0565,0.00233,128.986
Bad Habits,Ed Sheeran,3,39,0.807,0.893,-3.745,0.0347,2.79E-05,126.011
Sign of the Times,Harry Styles,14,39,0.516,0.595,-4.63,0.0313,0,119.972
Save Your Tears (with Ariana Grande) (Remix),"The Weeknd, Ariana Grande",5,39,0.65,0.825,-4.645,0.0325,2.44E-05,118.091
Levitating,Dua Lipa,52,38,0.695,0.884,-2.278,0.0753,0,103.014
STAY (with Justin Bieber),"The Kid LAROI, Justin Bieber",1,37,0.591,0.764,-5.484,0.0483,0,169.928
Volando - Remix,"Mora, Bad Bunny, Sech",19,37,0.659,0.688,-4.649,0.0673,0,153.979
Pepas,Farruko,4,37,0.762,0.766,-3.955,0.0343,6.98E-05,130.001
Woman,Doja Cat,6,37,0.824,0.764,-4.175,0.0854,0.00294,107.998
"1, 2, 3 (feat. Jason Derulo & De La Ghetto)","Sof??a Reyes, Jason Derulo, De La Ghetto",31,36,0.792,0.895,-3.112,0.0587,0,94.968
SLOW DANCING IN THE DARK,Joji,75,36,0.515,0.479,-7.458,0.0261,0.00598,88.964
INDUSTRY BABY (feat. Jack Harlow),"Lil Nas X, Jack Harlow",2,35,0.741,0.691,-7.395,0.0672,0,150.087
Hope,XXXTENTACION,42,35,0.592,0.457,-6.081,0.0603,0.000331,146.04
I WANNA BE YOUR SLAVE,M??neskin,8,35,0.75,0.608,-4.008,0.0387,0,132.507
No Role Modelz,J. Cole,113,35,0.69,0.521,-8.492,0.339,0,100.028
Mi??nteme,"TINI, Maria Becerra",41,35,0.85,0.541,-4.522,0.0674,5.01E-06,92.003
Volv??,"Aventura, Bad Bunny",10,34,0.725,0.86,-3.726,0.182,0.000284,175.896
Golden,Harry Styles,44,34,0.448,0.838,-5.257,0.0557,0.000131,139.863
No Lie,"Sean Paul, Dua Lipa",80,34,0.742,0.882,-2.862,0.117,0,102.04
Qu?? M??s Pues?,"J Balvin, Maria Becerra",9,34,0.903,0.817,-3.972,0.095,0.000311,102.014
Get Into It (Yuh),Doja Cat,36,34,0.912,0.655,-6.029,0.162,3.39E-05,91.942
Do I Wanna Know?,Arctic Monkeys,117,34,0.548,0.532,-7.596,0.0323,0.000263,85.03
Happier Than Ever,Billie Eilish,6,34,0.332,0.225,-8.697,0.0348,0.00349,81.055
Dark Red,Steve Lacy,66,33,0.603,0.783,-4.023,0.062,7.96E-06,172.041
Why'd You Only Call Me When You're High?,Arctic Monkeys,104,33,0.691,0.631,-6.478,0.0368,1.13E-05,92.004
Don't Be Shy,"Ti??sto, KAROL G",38,32,0.77,0.787,-3.748,0.0583,0,119.986
Dandelions,Ruth B.,35,32,0.609,0.692,-2.958,0.0259,0,116.959
Cold Heart - PNAU Remix,"Elton John, Dua Lipa, PNAU",4,32,0.795,0.8,-6.32,0.0309,7.25E-05,116.032
favorite crime,Olivia Rodrigo,11,31,0.369,0.272,-10.497,0.0364,0,172.929
AM Remix,"Nio Garcia, J Balvin, Bad Bunny",14,30,0.743,0.655,-5.015,0.159,0,172.031
Leave Before You Love Me (with Jonas Brothers),"Marshmello, Jonas Brothers",52,30,0.721,0.738,-4.77,0.0403,4.41E-06,119.976
"jealousy, jealousy",Olivia Rodrigo,17,29,0.695,0.575,-6.334,0.116,0,163.929
Knife Talk (with 21 Savage ft. Project Pat),"Drake, 21 Savage, Project Pat",10,29,0.849,0.424,-9.579,0.324,0,145.887
Where Are You Now,"Lost Frequencies, Calum Scott",18,29,0.671,0.636,-8.117,0.103,0.000411,120.966
Mon Amour - Remix,"zzoilo, Aitana",34,29,0.748,0.761,-6.621,0.102,6.56E-06,116.041
Meet Me At Our Spot,"THE ANXIETY, WILLOW, Tyler Cole",24,29,0.773,0.47,-7.93,0.0299,0.000193,94.995
The Night We Met,Lord Huron,55,29,0.544,0.369,-9.514,0.038,0.279,87.01
Sobrio,Maluma,41,28,0.762,0.77,-2.758,0.223,0,177.998
Shivers,Ed Sheeran,4,28,0.788,0.859,-2.724,0.0856,0,141.02
MONEY,LISA,5,28,0.831,0.554,-9.998,0.218,6.12E-05,140.026
Nost??lgico,"Rvssian, Rauw Alejandro, Chris Brown",40,28,0.734,0.846,-3.425,0.0489,1.74E-06,98.026
love nwantiti (ah ah ah),CKay,9,28,0.727,0.739,-3.805,0.0411,0.00137,93.005
Ghost,Justin Bieber,11,27,0.601,0.741,-5.569,0.0478,2.91E-05,153.96
love nwantiti (feat. Dj Yo! & AX'EL) - Remix,"CKay, Dj Yo!, AX'EL",14,27,0.579,0.596,-4.823,0.0561,0.0938,119.9
THATS WHAT I WANT,Lil Nas X,3,27,0.737,0.846,-4.51,0.22,0,87.981
2055,Sleepy Hallow,31,27,0.829,0.512,-5.865,0.187,0,80.511
Die For You,The Weeknd,41,26,0.586,0.525,-7.163,0.0615,0,133.629
Permission to Dance,BTS,5,26,0.702,0.741,-5.33,0.0427,0,124.925
Without Me,Eminem,31,26,0.908,0.669,-2.827,0.0738,0,112.238
My Universe,"Coldplay, BTS",3,26,0.573,0.711,-6.268,0.0406,0,105.006
C??rame,Rauw Alejandro,35,26,0.765,0.625,-3.599,0.0548,0.00111,102.101
Lo Siento BB:/ (with Bad Bunny & Julieta Venegas),"Tainy, Bad Bunny, Julieta Venegas",12,25,0.639,0.703,-6.33,0.0794,1.78E-06,169.888
I Love You So,The Walters,21,24,0.575,0.648,-4.891,0.0358,0,75.977
Toxic,BoyWithUke,23,23,0.594,0.612,-6.627,0.363,0,179.629
Easy On Me,Adele,1,23,0.604,0.366,-7.519,0.0282,0,141.981
Better Days (NEIKED x Mae Muller x Polo G),"NEIKED, Mae Muller, Polo G",32,23,0.717,0.671,-5.077,0.0337,2.54E-06,110.054
La Santa,"Bad Bunny, Daddy Yankee",14,23,0.744,0.868,-4.524,0.047,0,93.037
Can't Hold Us (feat. Ray Dalton),"Macklemore & Ryan Lewis, Macklemore, Ryan Lewis, Ray Dalton",149,22,0.633,0.927,-4.468,0.0839,0,146.097
Moth To A Flame (with The Weeknd),"Swedish House Mafia, The Weeknd",7,22,0.542,0.659,-7.289,0.0389,0,120.122
Just the Way You Are,Bruno Mars,133,22,0.635,0.841,-5.379,0.0422,0,109.021
Gangsta's Paradise,"Coolio, L.V.",116,22,0.647,0.514,-10.05,0.0593,0,79.975
Do It To It,"ACRAZE, Cherish",9,21,0.854,0.806,-8.262,0.0886,0.0542,124.927
Ain't Shit,Doja Cat,22,21,0.855,0.488,-4.601,0.208,0,124.097
OUT OUT (feat. Charli XCX & Saweetie),"Joel Corry, Jax Jones, Charli XCX, Saweetie",42,21,0.787,0.833,-4.403,0.0478,0.00747,123.97
Infinity,Jaymes Young,11,21,0.671,0.673,-6.941,0.0444,5.29E-05,121.963
Take My Breath - Single Version,The Weeknd,7,21,0.747,0.739,-6.008,0.0487,2.22E-05,120.996
Lost in the Fire (feat. The Weeknd),"Gesaffelstein, The Weeknd",12,21,0.658,0.671,-12.21,0.0363,0.000927,100.966
Enemy (with JID) - from the series Arcane League of Legends,"Imagine Dragons, JID, Arcane, League of Legends",3,21,0.728,0.783,-4.424,0.266,0,77.011
Way 2 Sexy (with Future & Young Thug),"Drake, Future, Young Thug",5,20,0.803,0.597,-6.035,0.141,4.50E-06,136.008
family ties (with Kendrick Lamar),"Baby Keem, Kendrick Lamar",30,20,0.711,0.611,-5.453,0.33,0,134.093
The Motto,"Ti??sto, Ava Max",23,20,0.754,0.763,-4.627,0.0435,2.23E-05,117.953
Ley Seca,"Jhay Cortez, Anuel AA",44,20,0.759,0.842,-3.758,0.096,0,105.059
One Right Now (with The Weeknd),"Post Malone, The Weeknd",9,20,0.687,0.781,-4.806,0.053,0,97.014
Blank Space,Taylor Swift,130,20,0.76,0.703,-5.412,0.054,0,95.997
X ??LTIMA VEZ,"Daddy Yankee, Bad Bunny",18,20,0.812,0.855,-3.725,0.0554,0.000167,90.04
Life Goes On,Oliver Tree,15,20,0.7,0.49,-5.187,0.076,0,79.982
As It Was,Harry Styles,1,19,0.52,0.731,-5.338,0.0557,0.00101,173.93
Fair Trade (with Travis Scott),"Drake, Travis Scott",3,19,0.666,0.465,-8.545,0.26,0,167.937
abcdefu,GAYLE,1,19,0.695,0.54,-5.692,0.0493,0,121.932
Praise God,Kanye West,16,19,0.798,0.545,-6.466,0.168,9.48E-05,118.029
All Too Well (10 Minute Version) (Taylor's Version) (From The Vault),Taylor Swift,1,19,0.631,0.518,-8.771,0.0303,0,93.023
A Tu Merced,Bad Bunny,52,19,0.86,0.791,-4.784,0.0568,0.000106,92.023
Angel Baby,Troye Sivan,59,19,0.559,0.559,-6.425,0.0358,0,72.498
Tacones Rojos,Sebastian Yatra,45,18,0.746,0.844,-3.499,0.0359,0,123.014
First Class,Jack Harlow,2,18,0.902,0.582,-5.902,0.109,3.18E-06,107.005
Medallo,"Blessd, Justin Quiles, Lenny Tav??rez",48,18,0.787,0.7,-4.598,0.0768,0.00051,90.02
Oh My God,Adele,3,18,0.534,0.725,-3.906,0.046,0,88.098
Happier Than Ever - Edit,Billie Eilish,70,17,0.334,0.599,-5.742,0.0365,0.000392,161.74
After Dark,Mr.Kitty,112,17,0.579,0.601,-10.492,0.0322,0.414,140.019
Te Felicito,"Shakira, Rauw Alejandro",13,16,0.695,0.636,-4.654,0.317,0,174.14
The Feels,TWICE,57,16,0.808,0.903,-2.179,0.0729,0,120.044
Bored,Billie Eilish,51,16,0.614,0.318,-12.695,0.0478,0.00239,119.959
PROVENZA,KAROL G,6,16,0.87,0.516,-8.006,0.0541,0.00823,111.005
ULTRA SOLO,"Polim?? Westcoast, Pailita",42,16,0.802,0.846,-4.495,0.207,1.92E-05,109.982
House of Memories,Panic! At The Disco,64,16,0.506,0.817,-5.051,0.0335,0,109.952
Rolling in the Deep,Adele,36,16,0.73,0.769,-5.114,0.0298,0,104.948
Thunder,"Gabry Ponte, LUM!X, Prezioso",110,16,0.67,0.896,-4.673,0.058,3.21E-05,101.216
Pasoori,"Shae Gill, Ali Sethi",109,16,0.714,0.596,-6.206,0.043,0,91.991
Still Don't Know My Name,Labrinth,53,16,0.316,0.63,-5.963,0.117,0.262,89.643
LA FAMA (with The Weeknd),"ROSAL??A, The Weeknd",32,15,0.766,0.295,-7.893,0.0464,4.44E-05,136.016
Acapulco,Jason Derulo,90,15,0.774,0.792,-4.021,0.0523,0,122.062
About Damn Time,Lizzo,9,15,0.836,0.743,-6.305,0.0653,0,108.965
Desesperados,"Rauw Alejandro, Chencho Corleone",8,15,0.869,0.694,-3.35,0.0783,0.00125,90.02
WAIT FOR U (feat. Drake & Tems),"Future, Drake, Tems",10,15,0.463,0.642,-4.474,0.34,0,83.389
In The Stars,Benson Boone,54,15,0.362,0.54,-6.031,0.0528,0,78.007
Super Gremlin,Kodak Black,45,15,0.825,0.414,-6.634,0.144,0,72.993
La Corriente,"Bad Bunny, Tony Dize",17,14,0.663,0.786,-3.51,0.195,0,196.12
Un Coco,Bad Bunny,25,14,0.839,0.69,-4.464,0.0615,8.33E-06,151.991
Yo No Soy Celoso,Bad Bunny,11,14,0.872,0.588,-6.276,0.0492,0,142.004
Sky,Playboi Carti,113,14,0.785,0.903,-4.184,0.21,0,139.98
Sunroof,"Nicky Youre, dazy",28,14,0.768,0.714,-5.11,0.0401,0,131.443
Dos Mil 16,Bad Bunny,19,14,0.817,0.67,-6.534,0.0506,1.92E-06,130.058
Crazy What Love Can Do,"David Guetta, Becky Hill, Ella Henderson",127,14,0.601,0.713,-3.758,0.0449,0,122.872
Neverita,Bad Bunny,15,14,0.876,0.498,-7.511,0.0478,0,122.016
Aguacero,Bad Bunny,22,14,0.861,0.645,-6.96,0.0743,0.000592,121.391
Tarot,"Bad Bunny, Jhay Cortez",9,14,0.795,0.684,-3.971,0.0419,0,114.011
Payphone,"Maroon 5, Wiz Khalifa",136,14,0.743,0.752,-4.813,0.0414,0,110.015
Otro Atardecer,"Bad Bunny, The Mar??as",24,14,0.777,0.595,-6.79,0.0375,0.00139,108.02
Tit?? Me Pregunt??,Bad Bunny,4,14,0.65,0.715,-5.198,0.253,0.000291,106.672
Andrea,"Bad Bunny, Buscabulla",21,14,0.797,0.616,-10.229,0.375,0.000293,103.071
Until I Found You,Stephen Sanchez,30,14,0.539,0.508,-6.05,0.0288,0,101.358
Moscow Mule,Bad Bunny,2,14,0.804,0.674,-5.453,0.0333,1.18E-06,99.968
Efecto,Bad Bunny,7,14,0.801,0.475,-8.797,0.0516,1.73E-05,98.047
Party,"Bad Bunny, Rauw Alejandro",6,14,0.829,0.799,-5.389,0.0897,0.000543,97.013
Un Ratito,Bad Bunny,10,14,0.787,0.546,-7.094,0.0532,4.55E-05,93.05
Me Porto Bonito,"Bad Bunny, Chencho Corleone",2,14,0.911,0.712,-5.105,0.0817,2.68E-05,92.005
Me Fui de Vacaciones,Bad Bunny,14,14,0.714,0.645,-5.493,0.0514,0.00083,85.046
Ojitos Lindos,"Bad Bunny, Bomba Est??reo",3,14,0.647,0.686,-5.745,0.0413,1.34E-06,79.928
Despu??s de la Playa,Bad Bunny,7,14,0.564,0.903,-3.221,0.307,0,78.293
We Don't Talk About Bruno,"Carolina Gait??n - La Gaita, Mauro Castillo, Adassa, Rhenzy Feliz, Diane Guerrero, Stephanie Beatriz, Encanto - Cast",8,13,0.577,0.45,-8.516,0.0834,0,205.863
MIDDLE OF THE NIGHT,Elley Duh??,14,13,0.41,0.611,-8.271,0.0467,0,185.727
Don? t Blame Me,Taylor Swift,72,13,0.615,0.534,-6.719,0.0386,1.76E-05,135.917
Malvad??o 3,"Xam??, Gustah, Neo Beats",33,13,0.821,0.609,-6.541,0.268,0,133.133
Cooped Up (with Roddy Ricch),"Post Malone, Roddy Ricch",18,13,0.669,0.773,-5.619,0.153,0,93.923
"Surface Pressure - From ""Encanto""/Soundtrack Version",Jessica Darrow,23,12,0.652,0.583,-8.302,0.322,1.65E-06,180.042
La Llevo Al Cielo (Ft. ??engo Flow),"Chris Jedi, Anuel AA, Chencho Corleone, ??engo Flow",53,12,0.795,0.845,-3.809,0.135,1.14E-05,170.023
Locked out of Heaven,Bruno Mars,111,12,0.728,0.697,-4.125,0.0456,0,143.986
505,Arctic Monkeys,57,12,0.52,0.852,-5.866,0.0543,5.79E-05,140.267
Revenge,XXXTENTACION,63,12,0.746,0.251,-16.169,0.259,0.00203,139.999
Late Night Talking,Harry Styles,2,12,0.714,0.728,-4.595,0.0468,0,114.996
Matilda,Harry Styles,5,12,0.507,0.294,-10,0.04,1.97E-05,114.199
SAD GIRLZ LUV MONEY Remix (feat. Kali Uchis and Moliy),"Amaarae, Kali Uchis, Moliy",23,12,0.87,0.523,-8.052,0.0602,2.07E-05,110.02
Music For a Sushi Restaurant,Harry Styles,6,12,0.72,0.715,-4.652,0.04,0.0568,107.041
"Tiago PZK: Bzrp Music Sessions, Vol. 48","Bizarrap, Tiago PZK",37,12,0.656,0.823,-3.059,0.315,0,96.474
Only Love Can Hurt Like This,Paloma Faith,93,12,0.566,0.885,-4.528,0.0818,9.97E-05,90.99
Se Le Ve,"D??melo Flow, Dalex, Sech, Justin Quiles, Arcangel, De La Ghetto, Lenny Tav??rez",110,12,0.562,0.755,-4.367,0.112,2.25E-05,83.997
Salimo de Noche,"Tiago PZK, Trueno",72,12,0.669,0.628,-4.177,0.0526,1.83E-05,83.803
Notion,The Rare Occasions,67,11,0.309,0.883,-3.825,0.0808,0.00111,159.488
TO THE MOON,"Jnr Choi, Sam Tompkins",55,11,0.745,0.65,-11.814,0.346,0.00758,144.047
All For Us,"Labrinth, Zendaya",43,11,0.46,0.66,-6.642,0.0652,0.000139,141.722
Wildest Dreams (Taylor's Version),Taylor Swift,29,11,0.583,0.67,-7.289,0.0646,0.0001,140.061
Esque??a-Me Se For Capaz,"Mar??lia Mendon??a, Maiara & Maraisa",67,11,0.799,0.685,-5.366,0.0725,0,122.013
Sacrifice,The Weeknd,3,11,0.735,0.795,-6.523,0.113,3.18E-05,122
Belly Dancer,"Imanbek, BYOR",77,11,0.845,0.797,-4.984,0.139,5.57E-06,121.985
Night Changes,One Direction,111,11,0.672,0.52,-7.747,0.0353,0,120.001
Fingers Crossed,Lauren Spencer Smith,17,11,0.56,0.473,-7.23,0.0533,0,109.414
Running Up That Hill (A Deal With God),Kate Bush,1,11,0.629,0.547,-13.123,0.055,0.00314,108.375
Softcore,The Neighbourhood,35,11,0.575,0.568,-5.509,0.03,0.000417,93.986
Smokin Out The Window,"Bruno Mars, Anderson .Paak, Silk Sonic",8,11,0.627,0.618,-8.529,0.0437,0,82.03
pushin P (feat. Young Thug),"Gunna, Future, Young Thug",14,11,0.773,0.422,-4.572,0.187,0.00693,77.502
Down Under (feat. Colin Hay),"Luude, Colin Hay",72,10,0.308,0.86,-4.111,0.168,0.000828,171.835
Vegas (From the Original Motion Picture Soundtrack ELVIS),Doja Cat,26,10,0.801,0.601,-7.574,0.255,3.23E-05,159.969
Hold My Hand,Lady Gaga,110,10,0.53,0.612,-4.286,0.0331,0,148.009
Space Song,Beach House,174,10,0.508,0.792,-7.311,0.0297,0.124,147.067
Formula,Labrinth,68,10,0.574,0.664,-6.068,0.0409,0.0553,144.654
I Ain't Worried,OneRepublic,13,10,0.704,0.797,-5.927,0.0475,0.000745,139.994
Sweet Child O' Mine,Guns N' Roses,101,10,0.454,0.91,-7.766,0.0448,0.0996,125.116
Ferrari,"James Hype, Miggy Dela Rosa",36,10,0.847,0.69,-7.877,0.0493,6.00E-05,125.004
Mal Feito - Ao Vivo,"Hugo & Guilherme, Mar??lia Mendon??a",72,10,0.732,0.831,-3.791,0.0691,0,123.942
Lost,Frank Ocean,50,10,0.913,0.603,-4.892,0.226,0.000503,123.061
I Was Never There,"The Weeknd, Gesaffelstein",17,10,0.323,0.737,-4.008,0.0338,0.000162,113.26
Everybody Wants To Rule The World,Tears For Fears,105,10,0.645,0.795,-12.095,0.0527,0.00389,112.067
I Like You (A Happier Song) (with Doja Cat),"Post Malone, Doja Cat",10,10,0.733,0.67,-6.009,0.0751,0,100.964
Potion (with Dua Lipa & Young Thug),"Calvin Harris, Dua Lipa, Young Thug",26,10,0.824,0.697,-4.869,0.0473,4.11E-05,99.987
Excuses,"AP Dhillon, Gurinder Gill, Intense",56,10,0.837,0.717,-7.749,0.0822,0,94.984
Enchanted,Taylor Swift,61,10,0.535,0.618,-3.913,0.0273,0.000388,81.975
Light Switch,Charlie Puth,19,9,0.69,0.626,-5.693,0.306,0.000335,184.009
Glimpse of Us,Joji,1,9,0.44,0.317,-9.258,0.0531,4.78E-06,169.914
Vai L?? Em Casa Hoje,"George Henrique & Rodrigo, Mar??lia Mendon??a",66,9,0.456,0.83,-3.646,0.281,0,157.628
When You're Gone,Shawn Mendes,21,9,0.603,0.691,-5.805,0.0372,0,147.148
"Villano Antillano: Bzrp Music Sessions, Vol. 51","Bizarrap, Villano Antillano",45,9,0.82,0.752,-7.635,0.0648,0.00417,127.999
Numb,"Marshmello, Khalid",114,9,0.912,0.774,-4.673,0.0455,0.0127,119.966
DANCE CRIP,Trueno,79,9,0.857,0.766,-3.699,0.0978,0,106.024
Bar,"TINI, L-Gante",99,9,0.523,0.691,-3.802,0.0833,0,94.148
"Cay?? La Noche (feat. Cruz Cafun??, Abhir Hathi, Bejo, EL IMA) [Remix]","La Pantera, Quevedo, Juseph, Abhir Hathi, Bejo, Cruz Cafun??, EL IMA",58,8,0.672,0.745,-5.269,0.3,9.29E-06,173.974
Yet To Come,BTS,7,8,0.559,0.885,-4.515,0.189,0,172.029
I AM WOMAN,Emmy Meli,51,8,0.646,0.471,-9.247,0.157,0,170.084
Jimmy Cooks (feat. 21 Savage),"Drake, 21 Savage",7,8,0.529,0.673,-4.711,0.175,2.41E-06,165.921
Toma Toma Vapo Vapo,"Z?? Felipe, Mc Danny",75,8,0.763,0.859,-3.3,0.0479,0.0003,164.055
Massive,Drake,18,8,0.499,0.671,-6.774,0.0561,0.0169,124.994
LOVE DIVE,IVE,51,8,0.703,0.709,-4.169,0.0433,5.43E-05,117.941
BREAK MY SOUL,Beyonc??,12,8,0.693,0.887,-5.039,0.0795,2.71E-06,114.942
ULTRA SOLO REMIX,"Polim?? Westcoast, Pailita, Feid, Paloma Mami, De La Ghetto",44,8,0.909,0.824,-4.627,0.0797,0.00387,109.97
Numb Little Bug,Em Beihold,69,8,0.742,0.527,-6.892,0.0769,0,84.974
Mujeriego,Ryan Castro,92,8,0.758,0.621,-8.033,0.125,0,79.949
Money Trees,"Kendrick Lamar, Jay Rock",143,8,0.716,0.531,-7.355,0.122,0,71.994
she's all i wanna be,Tate McRae,38,7,0.614,0.644,-5.372,0.0426,7.07E-06,160.036
Malvada,Z?? Felipe,58,7,0.894,0.859,-2.981,0.0471,0.000153,134.947
Where Did You Go? (feat. MNEK),"Jax Jones, MNEK",116,7,0.763,0.782,-4.541,0.0346,7.08E-06,127.034
ELEVEN,IVE,103,7,0.828,0.731,-3.033,0.111,0,119.978
I Hate U,SZA,19,7,0.535,0.388,-9.805,0.155,0,106.703
Left and Right (Feat. Jung Kook of BTS),"Charlie Puth, Jung Kook, BTS",7,7,0.881,0.592,-4.898,0.0324,1.32E-05,101.058
POP!,NAYEON,68,7,0.793,0.859,-2.998,0.0544,0,97.001
La Zona,Bad Bunny,60,7,0.762,0.801,-3.661,0.0409,7.04E-05,93.992
august,Taylor Swift,11,7,0.532,0.623,-9.208,0.0331,7.28E-05,89.937
Mount Everest,Labrinth,36,7,0.494,0.428,-7.239,0.205,0.0698,87.724
It'll Be Okay,Shawn Mendes,55,7,0.398,0.286,-11.881,0.033,0.000146,78.262
Boyfriend,Dove Cameron,11,6,0.345,0.612,-6.543,0.0608,0,179.773
TUS L??GRIMAS,"Mora, Sech",93,6,0.683,0.714,-4.898,0.252,1.00E-06,173.963
Unstoppable,Sia,112,6,0.468,0.779,-4.839,0.0779,0.000373,173.799
10 Things I Hate About You,Leah Kate,117,6,0.544,0.786,-2.97,0.0501,0,153.967
La Bachata,Manuel Turizo,13,6,0.835,0.679,-5.329,0.0364,1.98E-06,124.98
Ojos Marrones,Lasso,72,6,0.809,0.649,-4.433,0.0416,0,120.014
Master Of Puppets,Metallica,20,6,0.543,0.836,-9.11,0.0353,0.431,105.173
ZOOM,Jessi,89,6,0.874,0.6,-6.064,0.158,0,100.012
MAMIII,"Becky G, KAROL G",5,6,0.843,0.7,-3.563,0.0803,0,93.991
Still D.R.E.,"Dr. Dre, Snoop Dogg",29,6,0.816,0.775,-3.323,0.234,0.00031,93.431
LA INOCENTE,"Mora, Feid",121,6,0.757,0.789,-3.46,0.0583,0,91.911
In Da Club,50 Cent,77,6,0.899,0.713,-2.752,0.366,0,90.051
Thousand Miles,The Kid LAROI,18,6,0.376,0.657,-4.658,0.0768,0,80.565
Stan,"Eminem, Dido",138,6,0.78,0.768,-4.325,0.238,2.34E-06,80.063
Normal,Feid,57,5,0.712,0.557,-4.861,0.115,0,170.079
SNAP,Rosa Linn,26,5,0.565,0.636,-8.198,0.0638,9.90E-06,170.01
Bad Habit,Steve Lacy,10,5,0.686,0.494,-7.093,0.0355,5.80E-05,168.946
Iris,The Goo Goo Dolls,124,5,0.315,0.715,-8.072,0.0362,7.97E-06,155.925
Nail Tech,Jack Harlow,36,5,0.677,0.557,-8.409,0.0694,8.36E-06,150.127
Ya No Somos Ni Seremos,Christian Nodal,37,5,0.588,0.452,-4.75,0.0268,0,139.953
Beautiful Girl,Luciano,59,5,0.839,0.412,-8.816,0.0935,0.000796,139.901
Sticky,Drake,17,5,0.853,0.495,-14.63,0.14,0.000217,137.027
DAN??ARINA,"PEDRO SAMPAIO, Mc Pedrinho",32,5,0.778,0.571,-4.776,0.0788,0,134.999
That That (prod. & feat. SUGA of BTS),"PSY, SUGA",21,5,0.905,0.962,-3.197,0.0856,0,129.969
Ai Preto,"L7NNON, DJ Biel do Furduncinho, Bianca",140,5,0.953,0.57,-5.149,0.245,0,129.947
"Quevedo: Bzrp Music Sessions, Vol. 52","Bizarrap, Quevedo",1,5,0.621,0.782,-5.548,0.044,0.033,128.033
Afraid To Feel,LF SYSTEM,150,5,0.578,0.912,-3.929,0.114,0.00362,127.87
PUFFIN ON ZOOTIEZ,Future,40,5,0.883,0.657,-5.748,0.305,0,124.992
Calm Down,Rema,130,5,0.814,0.789,-6.29,0.0405,0.000502,107.003
Betty (Get Money),Yung Gravy,78,5,0.723,0.772,-6.784,0.0792,1.15E-05,102.004
Yo Voy (feat. Daddy Yankee),Zion & Lennox,63,5,0.808,0.697,-5.899,0.241,0,95.06
Apocalypse,Cigarettes After Sex,135,5,0.369,0.467,-9.018,0.0274,0.46,94.473
San Lucas,Kevin Kaarl,149,5,0.577,0.363,-12.378,0.0263,0.000282,91.511
Pope Is a Rockstar,SALES,108,5,0.725,0.446,-8.958,0.0287,0.243,90.024
Last Last,Burna Boy,93,5,0.795,0.565,-4.457,0.0948,0,87.925
I Wanna Be Yours,Arctic Monkeys,103,5,0.464,0.417,-9.345,0.0256,0.022,67.528
Un Verano Sin Ti,Bad Bunny,20,4,0.503,0.496,-9.123,0.0556,0,187.844
Jordan,Ryan Castro,53,4,0.796,0.68,-5.555,0.37,0.000683,179.923
Dua Lipa,Jack Harlow,37,4,0.833,0.652,-6.942,0.0762,0.0985,158.022
Honest (feat. Don Toliver),"Justin Bieber, Don Toliver",29,4,0.81,0.655,-6.779,0.0698,8.16E-05,150.002
Pipoco,"Ana Castela, Melody, Dj Chris No Beat",100,4,0.774,0.742,-4.178,0.0766,0.000472,134.991
I? m Tired (with Zendaya) - Bonus Track,"Labrinth, Zendaya",29,4,0.375,0.133,-10.624,0.0352,0,131.721
Bloqueado - Ao Vivo,Gusttavo Lima,106,4,0.828,0.721,-4.274,0.0558,0,129.092
Bandido,"Z?? Felipe, MC Mari",125,4,0.882,0.721,-2.851,0.0512,0,120.018
El Apag??n,Bad Bunny,28,4,0.629,0.698,-4.485,0.308,0.00166,117.765
Agosto,Bad Bunny,30,4,0.849,0.584,-8.195,0.115,6.18E-06,115.018
Peru,"Fireboy DML, Ed Sheeran",89,4,0.956,0.417,-7.892,0.0926,0.00071,108.015
Ens????ame a Bailar,Bad Bunny,27,4,0.81,0.789,-5.08,0.0846,1.08E-05,105.009
Freaky Deaky,"Tyga, Doja Cat",83,4,0.799,0.653,-5.453,0.037,0,104.019
FEARLESS,LE SSERAFIM,149,4,0.863,0.62,-7.167,0.135,0.00324,103.971
Una Noche en Medell??n,Cris Mj,16,4,0.87,0.548,-5.253,0.077,4.60E-05,96.018
"Kesariya (From ""Brahmastra"")","Pritam, Arijit Singh, Amitabh Bhattacharya",33,4,0.577,0.574,-6.525,0.0278,0,94.009
Stargirl Interlude,"The Weeknd, Lana Del Rey",168,4,0.715,0.47,-12.638,0.0772,0.0923,89.965
DARARI,TREASURE,102,4,0.716,0.638,-6.87,0.0392,0,84.955
Alien Blues,Vundabar,118,4,0.467,0.757,-5.093,0.033,0.908,82.282
Chale,Eden Mu??oz,75,3,0.551,0.436,-8.029,0.0428,0,188.651
Surface Pressure,Jessica Darrow,26,3,0.65,0.584,-8.286,0.307,1.54E-06,180.088
Atlantis,Seafret,126,3,0.4,0.479,-7.989,0.0308,2.14E-06,166.159
Parada Louca,"Mari Fernandez, Marcynho Sensa????o",107,3,0.693,0.936,-1.322,0.0524,0,166.034
TV,Billie Eilish,27,3,0.412,0.236,-15.159,0.0379,0.00653,140.214
Layla,"DJ Robin, Sch??rze",61,3,0.442,0.922,-2.918,0.0695,0,140.082
Silent Hill,"Kendrick Lamar, Kodak Black",21,3,0.907,0.577,-6.737,0.0767,3.19E-05,140.07
Doja,Central Cee,15,3,0.911,0.573,-7.43,0.288,0,140.04
N95,Kendrick Lamar,3,3,0.79,0.67,-5.527,0.105,2.32E-06,139.956
NEW MAGIC WAND,"Tyler, The Creator",54,3,0.621,0.73,-5.414,0.107,0.000131,139.566
Mon??y so big,Yeat,184,3,0.693,0.575,-7.633,0.0906,0,138.016
Baile no Morro,"MC Tairon, Mc Vitin Da Igrejinha, Dj Win",154,3,0.714,0.404,-7.903,0.453,0,130.088
this is what falling in love feels like,JVKE,142,3,0.424,0.438,-5.53,0.0553,0,128.983
Demasiadas Mujeres,C. Tangana,127,3,0.658,0.453,-7.378,0.39,0.0002,126.043
"Stay With Me (with Justin Timberlake, Halsey & Pharrell)","Calvin Harris, Justin Timberlake, Halsey, Pharrell Williams",86,3,0.81,0.733,-6.338,0.0444,6.73E-06,125.975
When I? m Gone (with Katy Perry),"Alesso, Katy Perry",135,3,0.685,0.886,-4.179,0.034,0,125.034
Pandora,"DJ Matt D, Menor MC, MC GP, Vulgo FK",129,3,0.688,0.458,-9.138,0.588,0,124.553
Starlight,Dave,45,3,0.954,0.367,-9.551,0.288,5.48E-06,124.026
SUPERMODEL,M??neskin,89,3,0.636,0.876,-3.413,0.0555,0,120.983
THE SHADE,Rex Orange County,161,3,0.898,0.509,-7.973,0.062,0,119.869
Under The Influence,Chris Brown,32,3,0.733,0.69,-5.529,0.0427,1.18E-06,116.992
Summertime Sadness,Lana Del Rey,122,3,0.568,0.646,-6.793,0.0332,0,111.945
Love Grows (Where My Rosemary Goes),Edison Lighthouse,112,3,0.568,0.824,-4.613,0.0299,0,108.625
Something In The Way,Nirvana,19,3,0.426,0.225,-12.422,0.0291,0.367,104.506
GIVENCHY,Duki,25,3,0.607,0.619,-6.726,0.396,0,102.974
Die Hard,"Kendrick Lamar, Blxst, Amanda Reifer",8,3,0.775,0.736,-8.072,0.247,0.00116,100.988
Nerdesin,Ezhel,164,3,0.816,0.696,-6.75,0.153,0.000643,100.004
El Rescate,"Grupo Marca Registrada, Junior H",129,3,0.794,0.594,-8.698,0.139,0.000381,99.238
MORE,j-hope,22,3,0.783,0.722,-4.864,0.0357,0.00209,97.031
Rich Spirit,Kendrick Lamar,17,3,0.852,0.421,-9.153,0.208,2.28E-06,95.977
Bam Bam (feat. Ed Sheeran),"Camila Cabello, Ed Sheeran",13,3,0.756,0.697,-6.377,0.0401,0,94.996
Envolver,Anitta,3,3,0.812,0.736,-5.421,0.0833,0.00254,91.993
United In Grief,Kendrick Lamar,11,3,0.529,0.845,-8.142,0.404,0,85.63
Enemy - From the series Arcane League of Legends,"Imagine Dragons, Arcane, League of Legends",171,3,0.722,0.745,-4.164,0.256,0,77.029
Hati-Hati di Jalan,Tulus,45,3,0.643,0.436,-11.322,0.0357,0.0889,71.969
"Residente: Bzrp Music Sessions, Vol. 49","Bizarrap, Residente",18,3,0.586,0.74,-2.997,0.404,0,71.378
All For Us - from the HBO Original Series Euphoria,"Labrinth, Zendaya",108,3,0.348,0.652,-7.145,0.0931,0.000264,70.956
Grapejuice,Harry Styles,11,2,0.645,0.721,-4.394,0.0336,0.143,182.928
Entre Nosotros (Remix) [con Nicki Nicole],"Tiago PZK, LIT killah, Maria Becerra, Nicki Nicole",53,2,0.7,0.438,-5.784,0.0433,0,170.106
emo girl (feat. WILLOW),"Machine Gun Kelly, WILLOW",111,2,0.412,0.881,-3.502,0.087,5.82E-05,165.012
Keep Driving,Harry Styles,19,2,0.721,0.479,-9.669,0.226,0.00156,164.948
Hot Shit (feat. Ye & Lil Durk),"Cardi B, Kanye West, Lil Durk",54,2,0.878,0.685,-5.28,0.225,0,157.003
Father Time (feat. Sampha),"Kendrick Lamar, Sampha",14,2,0.514,0.779,-4.365,0.344,0,152.869
Pass The Dutchie,Musical Youth,85,2,0.805,0.418,-14.374,0.0979,0,149.724
Daylight,Harry Styles,10,2,0.686,0.445,-7.189,0.0398,0.00144,145.5
When I Was Your Man,Bruno Mars,181,2,0.601,0.271,-8.688,0.0403,0,145.494
This Love (Taylor? s Version),Taylor Swift,50,2,0.47,0.494,-8.672,0.0349,0,144.039
Less Than Zero,The Weeknd,23,2,0.535,0.791,-5.55,0.0327,0.000155,142.981
Little Freak,Harry Styles,8,2,0.559,0.535,-7.723,0.039,0.000143,141.96
The Family Madrigal,"Stephanie Beatriz, Olga Merediz, Encanto - Cast",87,2,0.594,0.628,-6.345,0.359,0,141.391
Balan??o da Rede,"Matheus Fernandes, Xand Avi??o",171,2,0.764,0.796,-4.611,0.033,0,140.072
Never Sleep (with Lil Baby feat. Travis Scott),"NAV, Lil Baby, Travis Scott",101,2,0.819,0.651,-5.829,0.169,0,139.957
Christmas Tree,V,100,2,0.437,0.384,-8.384,0.042,2.33E-05,139.009
Satellite,Harry Styles,14,2,0.576,0.457,-6.473,0.0304,3.05E-05,138.984
Polaroid Love,ENHYPEN,158,2,0.738,0.67,-3.766,0.0439,0,138.055
Par??s,"Morat, Duki",130,2,0.582,0.804,-4.155,0.0389,0,138.014
High,The Chainsmokers,70,2,0.601,0.787,-6.178,0.031,0,134.981
Is There Someone Else?,The Weeknd,11,2,0.702,0.586,-7.83,0.0313,7.27E-05,134.951
"Here We Go??Again (feat. Tyler, the Creator)","The Weeknd, Tyler, The Creator",25,2,0.469,0.623,-4.432,0.0302,0,134.943
Count Me Out,Kendrick Lamar,24,2,0.776,0.431,-7.544,0.091,0,133.999
Molhando o Volante,Jorge & Mateus,186,2,0.772,0.647,-5.404,0.0758,0,130.183
DESPECH??,ROSAL??A,6,2,0.919,0.623,-6.521,0.0992,1.63E-05,130.037
Savior,"Kendrick Lamar, Baby Keem, Sam Dew",29,2,0.605,0.692,-7.45,0.446,0,124.84
ACORDA PEDRINHO,Jovem Dionisio,77,2,0.876,0.359,-11.169,0.341,1.71E-06,124.016
Sweetest Pie,"Megan Thee Stallion, Dua Lipa",17,2,0.814,0.628,-7.178,0.221,0,123.977
Sharks,Imagine Dragons,111,2,0.927,0.642,-4.466,0.0657,3.62E-05,123.969
Gasoline,The Weeknd,13,2,0.728,0.741,-7.075,0.0473,0.00206,123.006
Brividi,"Mahmood, BLANCO",9,2,0.523,0.614,-4.435,0.0347,0,122.962
ALIEN SUPERSTAR,Beyonc??,24,2,0.545,0.641,-6.398,0.0998,6.59E-05,121.892
Take My Breath,The Weeknd,22,2,0.698,0.769,-7.154,0.0368,0.00166,121.02
How Do I Make You Love Me?,The Weeknd,14,2,0.805,0.498,-7.927,0.0737,2.37E-05,121.006
SUMMER RENAISSANCE,Beyonc??,46,2,0.674,0.625,-9.593,0.0514,0.0015,120.004
What Else Can I Do?,"Diane Guerrero, Stephanie Beatriz",101,2,0.718,0.709,-5.568,0.039,0,119.974
You Proof,Morgan Wallen,91,2,0.731,0.85,-4.913,0.0336,0,119.706
Love Of My Life,Harry Styles,15,2,0.555,0.536,-8.233,0.0452,0,118.057
Boyfriends,Harry Styles,22,2,0.417,0.202,-10.976,0.0357,0,118.029
Me and Your Mama,Childish Gambino,158,2,0.554,0.433,-12.628,0.0341,0.0449,117.996
CUFF IT,Beyonc??,30,2,0.78,0.689,-5.668,0.141,9.69E-06,115.042
Ginseng Strip 2002,Yung Lean,44,2,0.601,0.712,-9.433,0.0431,0,114.998
ENERGY (feat. Beam),"Beyonc??, BEAM",34,2,0.903,0.519,-9.151,0.26,0.000106,114.991
Bones,Imagine Dragons,63,2,0.773,0.742,-3.678,0.046,0,114.071
Daydreaming,Harry Styles,16,2,0.707,0.811,-5.298,0.0304,0.0152,113.971
Just A Cloud Away,Pharrell Williams,115,2,0.89,0.46,-8.155,0.0359,0,112.555
We Cry Together,"Kendrick Lamar, Taylour Paige",22,2,0.648,0.68,-7.276,0.345,0,106.89
Cinema,Harry Styles,13,2,0.829,0.644,-7.696,0.0427,0.0511,105.993
SAOKO,ROSAL??A,80,2,0.827,0.768,-5.702,0.265,2.45E-05,99.988
CACHORRINHAS,Lu??sa Sonza,109,2,0.709,0.696,-4.837,0.275,0,98.119
The Heart Part 5,Kendrick Lamar,44,2,0.7,0.812,-8.128,0.297,0,97.405
Churchill Downs (feat. Drake),"Jack Harlow, Drake",57,2,0.71,0.522,-9.102,0.36,0,96.448
Dos Oruguitas,Sebastian Yatra,104,2,0.423,0.355,-10.565,0.0454,0,93.788
Out of Time,The Weeknd,10,2,0.65,0.76,-4.422,0.0446,0,93.057
Nos Comemos (feat. Ozuna),"Tiago PZK, Ozuna",140,2,0.827,0.819,-3.701,0.052,0,92.017
295,Sidhu Moose Wala,141,2,0.557,0.794,-5.698,0.2,0,91.366
La Loto,"TINI, Becky G, Anitta",157,2,0.855,0.83,-2.815,0.106,1.31E-06,90.009
Best Friends,The Weeknd,26,2,0.737,0.564,-7.045,0.105,0,90
Demons,Imagine Dragons,194,2,0.505,0.71,-3.015,0.0321,0.00025,89.938
The 30th,Billie Eilish,64,2,0.387,0.135,-14.398,0.051,0,82.987
Thinking with My Dick (feat. Juicy J),"Kevin Gates, Juicy J",128,2,0.77,0.699,-6.59,0.199,1.65E-05,81.003
Every Summertime,NIKI,124,2,0.628,0.676,-4.227,0.0424,6.94E-05,78.996
See You Again (feat. Kali Uchis),"Tyler, The Creator, Kali Uchis",144,2,0.558,0.559,-9.222,0.0959,7.49E-06,78.558
I'M ON ONE (feat. Drake),"Future, Drake",48,2,0.773,0.707,-5.71,0.0568,1.04E-05,76.977
Flowers,Lauren Spencer Smith,72,2,0.684,0.449,-9.738,0.611,0,66.165
ABALO EMOCIONAL - Ao Vivo,Luan Santana,194,1,0.441,0.915,-4.096,0.112,0,185.936
Ella - Remix,"Boza, Lunay, Lenny Tav??rez, Juhn, Be??le",188,1,0.747,0.812,-4.274,0.111,0.000131,180.062
CANDY,ROSAL??A,44,1,0.638,0.49,-5.726,0.226,0.0116,179.905
L? enfer,Stromae,113,1,0.4,0.547,-8.381,0.177,0,177.595
maybe (feat. Bring Me The Horizon),"Machine Gun Kelly, Bring Me The Horizon",72,1,0.522,0.922,-4.805,0.0616,0,176.105
Plan A,Paulo Londra,106,1,0.583,0.834,-4.875,0.0444,0,173.935
Si Te La Encuentras Por Ah??,Feid,86,1,0.743,0.576,-3.552,0.076,5.87E-05,171.945
Everlong,Foo Fighters,164,1,0.413,0.881,-5.541,0.0367,0.000308,158.066
Feel My Rhythm,Red Velvet,114,1,0.412,0.94,-2.171,0.215,0,157.964
COZY,Beyonc??,50,1,0.556,0.63,-8.15,0.102,0.00468,149.147
Come Back Home,Sofia Carson,193,1,0.552,0.531,-7.732,0.0421,1.21E-05,144.946
ALL UP IN YOUR MIND,Beyonc??,148,1,0.744,0.577,-7.228,0.0631,3.06E-06,135.869
sentaDONA (Remix) s2,"Davi Kneip, Mc Frog, Dj Gabriel do Borel, Lu??sa Sonza",123,1,0.925,0.454,-3.533,0.273,4.19E-06,135.02
make up sex (feat. blackbear),"Machine Gun Kelly, blackbear",91,1,0.665,0.678,-4.122,0.0315,0,131.986
STAYING ALIVE (feat. Drake & Lil Baby),"DJ Khaled, Drake, Lil Baby",21,1,0.718,0.461,-7.676,0.0797,0,129.953
THIQUE,Beyonc??,102,1,0.823,0.536,-10.123,0.319,0.0143,128.955
c??mo dormiste?,Rels B,53,1,0.627,0.429,-8.255,0.234,0,126.426
AMERICA HAS A PROBLEM,Beyonc??,152,1,0.789,0.614,-6.491,0.0579,0.00152,126.035
WA DA DA,Kep1er,191,1,0.785,0.907,-2.657,0.0938,3.11E-06,126.004
HENTAI,ROSAL??A,186,1,0.583,0.297,-11.273,0.406,0,124.279
TOMBOY,(G)I-DLE,189,1,0.755,0.87,-2.414,0.0936,0,124.032
PURE/HONEY,Beyonc??,114,1,0.857,0.558,-7.888,0.134,4.80E-05,123.973
Sometimes,Juice WRLD,77,1,0.674,0.58,-4.866,0.0311,0,121.987
Bad Decisions (with BTS & Snoop Dogg),"benny blanco, BTS, Snoop Dogg",15,1,0.762,0.861,-3.296,0.0955,0,120.048
P power (feat. Drake),"Gunna, Drake",81,1,0.828,0.591,-6.217,0.109,0.000323,119.251
MOVE (feat. Grace Jones & Tems),"Beyonc??, Grace Jones, Tems",96,1,0.876,0.628,-6.595,0.0935,0.0339,118.028
BIZCOCHITO,ROSAL??A,180,1,0.93,0.774,-4.203,0.0744,0.0238,116.972
Cool for the Summer,Demi Lovato,61,1,0.583,0.61,-5.639,0.0382,0.000105,114.06
Just a Cloud Away,Pharrell Williams,165,1,0.888,0.459,-8.154,0.0357,0,112.56
HEATED,Beyonc??,93,1,0.785,0.732,-5.724,0.164,0.000807,110.952
VIRGO'S GROOVE,Beyonc??,77,1,0.683,0.85,-5.042,0.0699,1.09E-06,107.988
ARASAN DA,UZI,65,1,0.742,0.832,-6.812,0.156,0.242,105.978
I'M THAT GIRL,Beyonc??,33,1,0.554,0.535,-8.959,0.186,1.32E-05,105.865
Nobody Like U,"4*TOWN (From Disney and Pixar? s Turning Red), Jordan Fisher, Finneas O'Connell, Topher Ngo, Grayson Villanueva, Josh Levi",157,1,0.905,0.631,-10.06,0.177,0,105.026
Wait a Minute!,WILLOW,138,1,0.764,0.705,-5.279,0.0278,1.94E-05,101.003
REMIX,Daddy Yankee,166,1,0.819,0.781,-4.879,0.0547,0.0012,100.062
Tom's Diner,"AnnenMayKantereit, Giant Rooks",90,1,0.68,0.428,-8.107,0.135,0.000344,98.222
Pantysito,"Alejo, Feid, ROBI",99,1,0.83,0.739,-5.395,0.0627,2.11E-06,97.993
IDGAF (with blackbear),"BoyWithUke, blackbear",74,1,0.783,0.75,-5.762,0.078,0,97.953
CHICKEN TERIYAKI,ROSAL??A,152,1,0.788,0.4,-6.454,0.115,0.000141,97.936
PLASTIC OFF THE SOFA,Beyonc??,85,1,0.618,0.712,-8.246,0.114,4.53E-06,97.057
RUMBAT??N,Daddy Yankee,58,1,0.685,0.909,-4.034,0.0396,0,95.004
Fuera del mercado,Danny Ocean,122,1,0.453,0.673,-5.649,0.144,0,92.06
CHURCH GIRL,Beyonc??,39,1,0.792,0.919,-5.688,0.276,5.10E-06,92.028
MANIAC,Stray Kids,39,1,0.744,0.8,-2.63,0.266,0,89.925
Heartless,Kanye West,198,1,0.79,0.647,-5.983,0.136,0,87.999
Sigue,"J Balvin, Ed Sheeran",45,1,0.889,0.641,-4.494,0.0668,2.75E-05,87.99
Soy El Unico,Yahritza Y Su Esencia,97,1,0.708,0.449,-4.369,0.0286,0,84.396
Eazy,"The Game, Kanye West",35,1,0.716,0.551,-6.987,0.47,0,82.393
chaotic,Tate McRae,83,1,0.412,0.382,-7.023,0.0497,0,81.493
